<luc. 1.1> Bella per Emathios plus quam civilia campos,
,"<luc. 1.2> Iusque datum sceleri canimus, populumque potentem"
,"<luc. 1.3> In sua victrici conversum viscera dextra,"
,"<luc. 1.4> Cognatasque acies, et rupto foedere regni,"
,<luc. 1.5> Certatum totis concussi viribus orbis
,"<luc. 1.6> In commune nefas, infestisque obvia signis"
,"<luc. 1.7> Signa, pares aquilas, et pila minantia pilis."
,"<luc. 1.8> Quis furor, o cives, quae tanta licentia ferri,"
,<luc. 1.9> Gentibus invisis Latium praebere cruorem?
,<luc. 1.10> Cumque superba foret Babylon spolianda tropaeis
,"<luc. 1.11> Ausoniis, umbraque erraret Crassus inulta,"
,<luc. 1.12> Bella geri placuit nullos habitura triumphos?
,<luc. 1.13> Heu quantum terrae potuit pelagique parari
,"<luc. 1.14> Hoc, quem civiles hauserunt, sanguine, dextrae,"
,"<luc. 1.15> Unde venit Titan, et nox ubi sidera condit,"
,"<luc. 1.16> Quaque dies medius flagrantibus aestuat horis,"
,"<luc. 1.17> Et qua bruma, rigens ac nescia vere remitti,"
,<luc. 1.18> Adstringit Scythico glacialem frigore pontum!
,"<luc. 1.19> Sub iuga iam Seres, iam barbarus isset Araxes,"
,<luc. 1.20> Et gens si qua iacet nascenti conscia Nilo.
,"<luc. 1.21> Tunc, si tantus amor belli tibi, Roma, nefandi,"
,"<luc. 1.22> Totum sub Latias leges cum miseris orbem,"
,<luc. 1.23> In te verte manus: nondum tibi defuit hostis.
,<luc. 1.24> At nunc semirutis pendent quod moenia tectis
,"<luc. 1.25> Urbibus Italiae, lapsisque ingentia muris"
,"<luc. 1.26> Saxa iacent, nulloque domus custode tenentur"
,"<luc. 1.27> Rarus et antiquis habitator in urbibus errat,"
,<luc. 1.28> Horrida quod dumis multosque inarata per annos
,"<luc. 1.29> Hesperia est, desuntque manus poscentibus arvis,"
,"<luc. 1.30> Non tu, Pyrrhe ferox, nec tantis cladibus auctor"
,<luc. 1.31> Poenus erit: nulli penitus discindere ferro
,<luc. 1.32> Contigit: alta sedent civilis vulnera dextrae.
,<luc. 1.33> Quodsi non aliam venturo fata Neroni
,"<luc. 1.34> Invenere viam, magnoque aeterna parantur"
,"<luc. 1.35> Regna deis, coelumque suo servire tonanti"
,<luc. 1.36> Non nisi saevorum potuit post bella Gigantum:
,"<luc. 1.37> Iam nihil, o superi, querimur: scelera ipsa nefasque"
,<luc. 1.38> Hac mercede placent: diros Pharsalia campos
,"<luc. 1.39> Impleat, et Poeni saturentur sanguine manes;"
,<luc. 1.40> Ultima funesta concurrant proelia Munda.
,"<luc. 1.41> His, Caesar, Perusina fames, Mutinaeque labores"
,<luc. 1.42> Accedant fatis; et quas premit aspera classes
,<luc. 1.43> Leucas; et ardenti servilia bella sub Aetna:
,"<luc. 1.44> Multum Roma tamen debet civilibus armis,"
,"<luc. 1.45> Quod tibi res acta est. Te, quum, statione peracta,"
,"<luc. 1.46> Astra petes serus, praelati regia coeli"
,"<luc. 1.47> Excipiet, gaudente polo, seu sceptra tenere,"
,"<luc. 1.48> Seu te flammigeros Phoebi conscendere currus,"
,<luc. 1.49> Telluremque nihil mutato sole timentem
,<luc. 1.50> Igne vago lustrare iuvet: tibi numine ab omni
,"<luc. 1.51> Cedetur, iurique tuo natura relinquet,"
,"<luc. 1.52> Quis deus esse velis, ubi regnum ponere mundi."
,"<luc. 1.53> Sed neque in Arctoo sedem tibi legeris orbe,"
,<luc. 1.54> Nec polus aversi calidus qua vergitur Austri;
,<luc. 1.55> Unde tuam videas obliquo sidere Romam.
,"<luc. 1.56> Aetheris immensi partem si presseris unam,"
,<luc. 1.57> Sentiet axis onus. Librati pondera coeli
,<luc. 1.58> Orbe tene medio: pars aetheris illa sereni
,"<luc. 1.59> Tota vacet, nullaeque obstent a Caesare nubes."
,"<luc. 1.60> Tunc genus humanum positis sibi consulat armis,"
,<luc. 1.61> Inque vicem gens omnis amet: Pax missa per orbem
,<luc. 1.62> Ferrea belligeri compescat limina Iani.
,"<luc. 1.63> Sed mihi iam numen: nec, si te pectore vates"
,"<luc. 1.64> Accipio, Cirrhaea velim secreta moventem"
,"<luc. 1.65> Sollicitare deum, Bacchumque avertere Nysa."
,<luc. 1.66> Tu satis ad dandas Romana in carmina vires.
,"<luc. 1.67> Fert animus causas tantarum expromere rerum,"
,"<luc. 1.68> Immensumque aperitur opus, quid in arma furentem"
,"<luc. 1.69> Impulerit populum, quid pacem excusserit orbi."
,"<luc. 1.70> Invida fatorum series, summisque negatum"
,<luc. 1.71> Stare diu; nimioque graves sub pondere lapsus;
,"<luc. 1.72> Nec se Roma ferens. Sic, quum, compage soluta,"
,"<luc. 1.73> Saecula tot mundi suprema coegerit hora,"
,<luc. 1.74> Anticum repetent iterum chaos omnia; mixtis
,<luc. 1.75> Sidera sideribus concurrent: ignea pontum
,"<luc. 1.76> Astra petent: tellus extendere litora nolet,"
,<luc. 1.77> Excutietque fretum: fratri contraria Phoebe
,"<luc. 1.78> Ibit, et, oblicum bigas agitare per orbem"
,"<luc. 1.79> Indignata, diem poscet sibi: totaque discors"
,<luc. 1.80> Machina divulsi turbabit foedera mundi.
,<luc. 1.81> In se magna ruunt: laetis hunc numina rebus
,<luc. 1.82> Crescendi posuere modum. Nec gentibus ullis
,"<luc. 1.83> Commodat in populum, terrae pelagique potentem,"
,"<luc. 1.84> Invidiam Fortuna suam. Tu caussa malorum,"
,"<luc. 1.85> Facta tribus dominis communis, Roma, nec umquam"
,<luc. 1.86> In turbam missi feralia foedera regni.
,"<luc. 1.87> O male concordes nimiaque cupidine caeci,"
,"<luc. 1.88> Quid miscere iuvat vires, orbemque tenere"
,"<luc. 1.89> In medio? Dum terra fretum, terramque levabit"
,"<luc. 1.90> Aer, et longi volvent Titana labores,"
,"<luc. 1.91> Noxque diem coelo totidem per signa sequetur,"
,"<luc. 1.92> Nulla fides regni sociis, omnisque potestas"
,<luc. 1.93> Impatiens consortis erit. Nec gentibus ullis
,"<luc. 1.94> Credite, nec longe fatorum exempla petantur."
,<luc. 1.95> Fraterno primi maduerunt sanguine muri.
,<luc. 1.96> Nec pretium tanti tellus pontusque furoris
,<luc. 1.97> Tunc erat: exiguum dominos commisit asylum.
,<luc. 1.98> Temporis augusti mansit concordia discors;
,<luc. 1.99> Paxque fuit non sponte ducum. Nam sola futuri
,"<luc. 1.100> Crassus erat belli medius mora. Qualiter, undas"
,"<luc. 1.101> Qui secat et geminum gracilis mare separat Isthmos,"
,"<luc. 1.102> Nec patitur conferre fretum; si terra recedat,"
,"<luc. 1.103> Ionium Aegaeo franget mare: sic, ubi, saeva"
,"<luc. 1.104> Arma ducum dirimens, miserando funere Crassus"
,"<luc. 1.105> Assyrias Latio maculavit sanguine Carras,"
,<luc. 1.106> Parthica Romanos solverunt damna furores.
,"<luc. 1.107> Plus illa vobis acie, quam creditis, actum est,"
,<luc. 1.108> Arsacidae: bellum victis civile dedistis.
,"<luc. 1.109> Dividitur ferro regnum: populique potentis,"
,"<luc. 1.110> Quae mare, quae terras, quae totum continet orbem,"
,<luc. 1.111> Non cepit fortuna duos. Nam pignora iuncti
,"<luc. 1.112> Sanguinis, et diro ferales omine tedas"
,"<luc. 1.113> Abstulit ad manes, Parcarum, Iulia, saeva"
,<luc. 1.114> Intercepta manu. Quodsi tibi fata dedissent
,"<luc. 1.115> Maiores in luce moras, tu sola furentes"
,"<luc. 1.116> Inde virum poteras atque hinc retinere parentem,"
,"<luc. 1.117> Armatasque manus excusso iungere ferro,"
,<luc. 1.118> Ut generos mediae soceris iunxere Sabinae.
,"<luc. 1.119> Morte tua discussa fides, bellumque movere"
,<luc. 1.120> Permissum ducibus. Stimulos dedit aemula virtus.
,"<luc. 1.121> Tu, nova ne veteres obscurent facta triumphos,"
,"<luc. 1.122> Et victis cedat piratica laurea Gallis,"
,"<luc. 1.123> Magne, times: te iam series ususque laborum"
,"<luc. 1.124> Erigit, impatiensque loci fortuna secundi."
,"<luc. 1.125> Nec quemquam iam ferre potest Caesarve priorem,"
,"<luc. 1.126> Pompeiusve parem. Quis iustius induit arma,"
,<luc. 1.127> Scire nefas: magno se iudice quisque tuetur:
,"<luc. 1.128> Victrix caussa deis placuit, sed victa Catoni"
,"<luc. 1.129> Nec coiere pares: alter, vergentibus annis"
,"<luc. 1.130> In senium, longoque togae tranquillior usu,"
,"<luc. 1.131> Dedidicit iam pace ducem; famaeque petitor,"
,<luc. 1.132> Multa dare in vulgus; totus popularibus auris
,"<luc. 1.133> Impelli, plausuque sui gaudere theatri:"
,"<luc. 1.134> Nec reparare novas vires, multumque priori"
,<luc. 1.135> Credere fortunae. Stat magni nominis umbra:
,"<luc. 1.136> Qualis frugifero quercus sublimis in agro,"
,<luc. 1.137> Exuvias veteres populi sacrataque gestans
,"<luc. 1.138> Dona ducum, nec iam validis radicibus haerens,"
,<luc. 1.139> Pondere fixa suo est; nudosque per aera ramos
,"<luc. 1.140> Effundens, trunco, non frondibus, efficit umbram;"
,"<luc. 1.141> Et quamvis primo nutet casura sub Euro,"
,"<luc. 1.142> Tot circum silvae firmo se robore tollant,"
,<luc. 1.143> Sola tamen colitur. Sed non in Caesare tantum
,"<luc. 1.144> Nomen erat, nec fama ducis: sed nescia virtus"
,"<luc. 1.145> Stare loco: solusque pudor, non vincere bello."
,"<luc. 1.146> Acer et indomitus; quo spes, quoque ira vocasset,"
,"<luc. 1.147> Ferre manum, et numquam temerando parcere ferro:"
,"<luc. 1.148> Successus urgere suos, instare favori"
,"<luc. 1.149> Numinis: impellens, quidquid sibi, summa petenti,"
,"<luc. 1.150> Obstaret, gaudensque viam fecisse ruina."
,<luc. 1.151> Qualiter expressum ventis per nubila fulmen
,<luc. 1.152> Aetheris impulsi sonitu mundique fragore
,"<luc. 1.153> Emicuit, rupitque diem, populosque paventes"
,"<luc. 1.154> Terruit, obliqua praestringens lumina flamma."
,<luc. 1.155> In sua templa furit: nullaque exire vetante
,"<luc. 1.156> Materia, magnamque cadens, magnamque revertens"
,"<luc. 1.157> Dat stragem late, sparsosque recolligit ignes."
,<luc. 1.158> Hae ducibus caussae suberant: sed publica belli
,"<luc. 1.159> Semina, quae populos semper mersere potentes."
,<luc. 1.160> Namque ut opes mundo nimias fortuna subacto
,"<luc. 1.161> Intulit, et rebus mores cessere secundis,"
,<luc. 1.162> Praedaque et hostiles luxum suasere rapinae:
,<luc. 1.163> Non auro tectisque modus: mensasque priores
,"<luc. 1.164> Aspernata fames: cultus, gestare decoros"
,"<luc. 1.165> Vix nuribus, rapuere mares: foecunda virorum"
,"<luc. 1.166> Paupertas fugitur, totoque accersitur orbe,"
,<luc. 1.167> Quo gens quaeque perit. Tum longos iungere fines
,"<luc. 1.168> Agrorum, et quondam duro sulcata Camilli"
,"<luc. 1.169> Vomere, et antiquos Curiorum passa ligones"
,<luc. 1.170> Longa sub ignotis extendere rura colonis.
,"<luc. 1.171> Non erat is populus, quem pax tranquilla iuvaret,"
,<luc. 1.172> Quem sua libertas immotis pasceret armis.
,"<luc. 1.173> Inde irae faciles; et, quod suasisset egestas,"
,"<luc. 1.174> Vile nefas; magnumque decus, ferroque petendum,"
,<luc. 1.175> Plus patria potuisse sua; mensuraque iuris
,"<luc. 1.176> Vis erat: hinc leges et plebiscita coactae,"
,<luc. 1.177> Et cum consulibus turbantes iura tribuni:
,"<luc. 1.178> Hinc rapti fasces pretio, sectorque favoris"
,"<luc. 1.179> Ipse sui populus; letalisque ambitus urbi,"
,<luc. 1.180> Annua venali referens certamina Campo:
,"<luc. 1.181> Hinc usura vorax, avidumque in tempora foenus,"
,"<luc. 1.182> Et concussa fides, et multis utile bellum."
,"<luc. 1.183> Iam gelidas Caesar cursu superaverat Alpes,"
,"<luc. 1.184> Ingentesque animo motus, bellumque futurum"
,"<luc. 1.185> Ceperat. Ut ventum est parvi Rubiconis ad undas,"
,<luc. 1.186> Ingens visa duci Patriae trepidantis imago
,"<luc. 1.187> Clara per obscuram vultu moestissima noctem,"
,"<luc. 1.188> Turrigero canos effundens vertice crines,"
,"<luc. 1.189> Caesarie lacera, nudisque adstare lacertis,"
,<luc. 1.190> Et gemitu permixta loqui: Quo tenditis ultra?
,"<luc. 1.191> Quo fertis mea signa, viri? Si iure venitis,"
,"<luc. 1.192> Si cives, huc usque licet. Tum perculit horror"
,"<luc. 1.193> Membra ducis; riguere comae, gressusque coercens"
,<luc. 1.194> Languor in extrema tenuit vestigia ripa.
,<luc. 1.195> Mox ait: O magnae qui moenia prospicis urbis
,"<luc. 1.196> Tarpeia de rupe, Tonans, Phrygiique penates"
,"<luc. 1.197> Gentis Iuleae, et rapti secreta Quirini,"
,"<luc. 1.198> Et residens celsa Latialis Iuppiter Alba,"
,"<luc. 1.199> Vestalesque foci, summique o numinis instar"
,"<luc. 1.200> Roma, fave coeptis. Non te furialibus armis"
,"<luc. 1.201> Persequor. En, adsum, victor terraque marique"
,"<luc. 1.202> Caesar, ubique tuus, liceat modo, nunc quoque, miles."
,"<luc. 1.203> Ille erit, ille nocens, qui me tibi fecerit hostem."
,"<luc. 1.204> Inde moras solvit belli, tumidumque per amnem"
,<luc. 1.205> Signa tulit propere: sicut squalentibus arvis
,<luc. 1.206> Aestiferae Libyes viso leo comminus hoste
,"<luc. 1.207> Subsedit dubius, totam dum colligit iram;"
,<luc. 1.208> Mox ubi se saevae stimulavit verbere caudae
,"<luc. 1.209> Erexitque iubas, vasto et grave murmur hiatu"
,"<luc. 1.210> Infremuit: tum, torta levis si lancea Mauri"
,"<luc. 1.211> Haereat, aut latum subeant venabula pectus,"
,"<luc. 1.212> Per ferrum, tanti securus vulneris, exit."
,"<luc. 1.213> Fonte cadit modico, parvisque impellitur undis"
,"<luc. 1.214> Puniceus Rubicon, cum fervida canduit aestas:"
,"<luc. 1.215> Perque imas serpit valles, et Gallica certus"
,<luc. 1.216> Limes ab Ausoniis disterminat arva colonis.
,"<luc. 1.217> Tum vires praebebat hiems, atque auxerat undas"
,"<luc. 1.218> Tertia iam gravido pluvialis Cynthia cornu,"
,<luc. 1.219> Et madidis Euri resolutae flatibus Alpes.
,"<luc. 1.220> Primus in oblicum sonipes opponitur amnem,"
,<luc. 1.221> Excepturus aquas: molli tum cetera rumpit
,<luc. 1.222> Turba vado faciles iam fracti fluminis undas.
,"<luc. 1.223> Caesar ut adversam, superato gurgite, ripam"
,"<luc. 1.224> Attigit, Hesperiae vetitis et constitit arvis:"
,"<luc. 1.225> Hic, ait, hic pacem temerataque iura relinquo;"
,"<luc. 1.226> Te, Fortuna, sequor. Procul hinc iam foedera sunto."
,<luc. 1.227> Credidimus fatis. Utendum est iudice bello.
,"<luc. 1.228> Sic fatus, noctis tenebris rapit agmina ductor"
,"<luc. 1.229> Impiger, et torto Balearis verbere fundae"
,"<luc. 1.230> Ocior, et missa Parthi post terga sagitta;"
,<luc. 1.231> Vicinumque minax invadit Ariminum. Ignes
,"<luc. 1.232> Solis lucifero fugiebant astra relicto,"
,<luc. 1.233> Iamque dies primos belli visura tumultus
,"<luc. 1.234> Exoritur. Seu sponte deum, seu turbidus Auster"
,"<luc. 1.235> Impulerit, moestam tenuerunt nubila lucem."
,<luc. 1.236> Constitit ut capto iussus deponere miles
,"<luc. 1.237> Signa fore, stridor lituum clangorque tubarum"
,<luc. 1.238> Non pia concinuit cum rauco classica cornu.
,"<luc. 1.239> Rupta quies populi, stratisque excita iuventus"
,"<luc. 1.240> Diripuit sacris adfixa penatibus arma,"
,<luc. 1.241> Quae pax longa dabat: nuda iam crate fluentes
,"<luc. 1.242> Invadunt clypeos, curvataque cuspide pile,"
,<luc. 1.243> Et scabros nigrae morsu rubiginis enses.
,"<luc. 1.244> Ut notae fulsere aquilae Romanaque signa,"
,"<luc. 1.245> Et celsus medio conspectus in agmine Caesar,"
,"<luc. 1.246> Diriguere metu, gelidus pavor occupat artus,"
,<luc. 1.247> Et tacito mutos volvunt in pectore questus:
,"<luc. 1.248> O male vicinis haec moenia condita Gallis,"
,<luc. 1.249> O tristi damnata loco! Pax alta per omnes
,<luc. 1.250> Et tranquilla quies populos: nos praeda furentum
,"<luc. 1.251> Primaque castra sumus. Melius, Fortuna, dedisses"
,"<luc. 1.252> Orbe sub Eoo sedem gelidaque sub Areto,"
,"<luc. 1.253> Errantesque domos, Latii quam claustra tueri."
,"<luc. 1.254> Nos primi Senonum motus, Cimbrumque furentem"
,"<luc. 1.255> Vidimus, et Martem Libyes, cursumque furoris"
,"<luc. 1.256> Teutonici. Quoties Romam Fortuna lacessit,"
,"<luc. 1.257> Hac iter est bellis. Gemitu sic quisque latenti,"
,<luc. 1.258> Non ausus timuisse palam: vox nulla dolori
,"<luc. 1.259> Credita: sed quantum, volucres cum bruma coercet,"
,"<luc. 1.260> Rura silent, mediusque tacet sine murmure pontus,"
,<luc. 1.261> Tanta quies. Noctis gelidas lux solverat umbras:
,"<luc. 1.262> Ecce faces belli, dubiaeque in proelia menti"
,<luc. 1.263> Urgentes addunt stimulos cunctasque pudoris
,<luc. 1.264> Rumpunt fata moras: iustos Fortuna laborat
,"<luc. 1.265> Esse ducis motus, et causas invenit armis."
,<luc. 1.266> Expulit ancipiti discordes urbe tribunos
,<luc. 1.267> Victo iure minax iactatis curia Gracchis.
,<luc. 1.268> Hos iam mota ducis vicinaque signa petentes
,<luc. 1.269> Audax venali comitatur Curio lingua:
,"<luc. 1.270> Vox quondam populi, libertatemque tueri"
,"<luc. 1.271> Ausus, et armatos plebi miscere potentes."
,<luc. 1.272> Utque ducem varias volventem pectore curas
,"<luc. 1.273> Conspexit: Dum voce tuae potuere iuvari,"
,"<luc. 1.274> Caesar, ait, partes, quamvis nolente senatu,"
,"<luc. 1.275> Traximus imperium tunc, cum mihi Rostra tenere"
,"<luc. 1.276> Ius erat, et dubios in te transferre Quirites."
,"<luc. 1.277> Sed postquam leges bello siluere coactae,"
,"<luc. 1.278> Pellimur e patriis laribus, patimurque volentes"
,<luc. 1.279> Exsilium: tua nos faciet victoria cives.
,"<luc. 1.280> Dum trepidant nullo firmatae robore partes,"
,<luc. 1.281> Tolle moras. Semper nocuit differre paratis.
,<luc. 1.282> Par labor atque metus pretio maiore petuntur.
,"<luc. 1.283> Bellantem geminis tenuit te Gallia lustris,"
,<luc. 1.284> Pars quota terrarum! Facili si proelia pauca
,"<luc. 1.285> Gesseris eventu, tibi Roma subegerit orbem."
,<luc. 1.286> Nunc neque te longi remeantem pompa triumphi
,"<luc. 1.287> Excipit, aut sacras poscunt Capitolia lauros."
,<luc. 1.288> Livor edax tibi cuncta negat: gentesque subactas
,<luc. 1.289> Vix impune feres. Socerum depellere regno
,<luc. 1.290> Decretum genero est. Partiri non potes orbem:
,"<luc. 1.291> Solus habere potes. Sic postquam fatus, et ipsi"
,"<luc. 1.292> In bellum prono tantum tamen addidit irae,"
,"<luc. 1.293> Accenditque ducem, quantum clamore iuvatur"
,"<luc. 1.294> Eleus sonipes, quamvis iam carcere clauso"
,"<luc. 1.295> Immineat foribus, pronusque repagula laxet."
,<luc. 1.296> Convocat armatos extemplo ad signa maniplos:
,"<luc. 1.297> Utque satis trepidum, turba coeunte, tumultum"
,"<luc. 1.298> Composuit, vultu dextraque silentia iussit:"
,"<luc. 1.299> Bellorum o socii, qui, mille pericula Martis"
,"<luc. 1.300> Mecum, ait, experti, decimo iam vincitis anno,"
,"<luc. 1.301> Hoc cruor Aretois meruit diffusus in arvis,"
,"<luc. 1.302> Vulneraque et mortes, hiemesque sub Alpibus actae?"
,<luc. 1.303> Non secus ingenti bellorum Roma tumultu
,"<luc. 1.304> Concutitur, quam si Poenus transcenderit Alpes"
,<luc. 1.305> Hannibal. Implentur valido tirone cohortes:
,<luc. 1.306> In classem cadit omne nemus: terraque marique
,<luc. 1.307> Iussus Caesar agi. Quid? si mihi signa iacerent
,"<luc. 1.308> Marte sub adverso, ruerentque in terga feroces"
,"<luc. 1.309> Gallorum populi? Nunc, cum Fortuna secundis"
,"<luc. 1.310> Mecum rebus agat, superique ad summa vocantes,"
,"<luc. 1.311> Tentamur. Veniat dux longa pace solutus,"
,"<luc. 1.312> Milite cum subito, partesque in bella togatae,"
,"<luc. 1.313> Marcellusque loquax, et nomina vana Catones."
,<luc. 1.314> Scilicet extremi Pompeium emtique clientes
,<luc. 1.315> Continuo per tot sociabunt tempora regno?
,"<luc. 1.316> Ille reget currus, nondum patientibus annis?"
,<luc. 1.317> Ille semel raptos numquam dimittet honores?
,"<luc. 1.318> Quid iam rura querar totum suppressa per orbem,"
,<luc. 1.319> Ac iussam servire famem? Quis castra timenti
,<luc. 1.320> Nescit mixta foro? gladii cum triste minantes
,"<luc. 1.321> Iudicium insolita trepidum cinxere corona,"
,<luc. 1.322> Atque auso medias perrumpere milite leges
,<luc. 1.323> Pompeiana reum clauserunt signa Milonem?
,"<luc. 1.324> Nunc quoque ne lassum teneat privata senectus,"
,"<luc. 1.325> Bella nefanda parat, suetus civilibus armis,"
,<luc. 1.326> Et docilis Sullam scelerum vicisse magistrum.
,"<luc. 1.327> Utque ferae tigres numquam posuere furorem,"
,"<luc. 1.328> Quas nemore Hyrcano, matrum dum lustra sequuntur,"
,<luc. 1.329> Altus caesorum pavit cruor armentorum;
,<luc. 1.330> Sic et Sullanum solito tibi lambere ferrum
,"<luc. 1.331> Durat, Magne, sitis. Nullus semel ore receptus"
,<luc. 1.332> Pollutas patitur sanguis mansuescere fauces.
,<luc. 1.333> Quem tamen inveniet tam longa potentia finem?
,"<luc. 1.334> Quis scelerum modus est? Ex hoc te iam, improbe, regno"
,<luc. 1.335> Ille tuus saltem doceat discedere Sulla.
,"<luc. 1.336> Post Cilicasne vagos, et lassi Pontica regis"
,"<luc. 1.337> Proelia, barbarico vix consummata veneno,"
,"<luc. 1.338> Ultima Pompeio dabitur provincia Caesar,"
,"<luc. 1.339> Quod non, victrices aquilas deponere iussus,"
,"<luc. 1.340> Paruerim? Mihi si merces erepta laborum est,"
,"<luc. 1.341> His saltem longi, non cum duce, praemia belli"
,<luc. 1.342> Reddantur: miles sub quolibet iste triumphet.
,<luc. 1.343> Conferet exsanguis quo se post bella senectus?
,"<luc. 1.344> Quae sedes erit emeritis? quae rura dabuntur,"
,<luc. 1.345> Quae noster veteranus aret? quae moenia fessis?
,"<luc. 1.346> An melius fient piratae, Magne, coloni?"
,"<luc. 1.347> Tollite iampridem victricia, tollite signa:"
,"<luc. 1.348> Viribus utendum est, quas fecimus: arma tenenti"
,"<luc. 1.349> Omnia dat, qui iusta negat. Nec numina deerunt:"
,"<luc. 1.350> Nam nec praeda meis, neque regnum quaeritur armis:"
,<luc. 1.351> Detrahimus dominos urbi servire paratae.
,<luc. 1.352> Dixerat: at dubium non claro murmure vulgus
,<luc. 1.353> Secum incerta fremit: pietas patriique penates
,<luc. 1.354> Quamquam caede feras mentes animosque tumentes
,<luc. 1.355> Frangunt; sed diro ferri revocantur amore
,<luc. 1.356> Ductorisque metu. Summi tunc munera pili
,"<luc. 1.357> Laelius, emeritique gerens insignia doni,"
,<luc. 1.358> Servati civis referentem praemia quercum:
,"<luc. 1.359> Si licet, exclamat, Romani maxime rector"
,"<luc. 1.360> Nominis et ius est, veras expromere voces;"
,"<luc. 1.361> Quod tam lenta tuas tenuit patientia vires,"
,<luc. 1.362> Conquerimur. Deeratne tibi fiducia nostri?
,"<luc. 1.363> Dum movet haec calidus spirantia corpora sanguis,"
,"<luc. 1.364> Et dum pila valent fortes torquere lacerti,"
,"<luc. 1.365> Degenerem patiere togam, regnumque senatus?"
,"<luc. 1.366> Usque adeo miserum est, civili vincere bello?"
,"<luc. 1.367> Duc age per Scythiae populos, per inhospita Syrtis"
,"<luc. 1.368> Litora, per calidas Libyae sitientis arenas."
,"<luc. 1.369> Haec manus, ut vitum post terga relinqueret orbem,"
,<luc. 1.370> Oceani tumidas remo compescuit undas:
,<luc. 1.371> Fregit et Arctoo spumantem vertice Rhenum.
,"<luc. 1.372> Iussa sequi tam posse mihi, quam velle necesse est."
,"<luc. 1.373> Nec civis meus est, in quem tua classica, Caesar,"
,"<luc. 1.374> Audiero. Per signa decem felicia castris,"
,<luc. 1.375> Perque tuos iuro quocumque ex hoste triumphos;
,"<luc. 1.376> Pectore si fratris gladium, iuguloque parentis"
,"<luc. 1.377> Condere me iubeas, plenaeque in viscera partu"
,"<luc. 1.378> Coniugis, invita peragam tamen omnia dextra;"
,"<luc. 1.379> Si spoliare deos, ignemque immittere templis,"
,<luc. 1.380> Numina miscebit castrensis flamma Monetae;
,"<luc. 1.381> Castra super Tusci si ponere Tybridis undas,"
,<luc. 1.382> Hesperios audax veniam metator in agros.
,"<luc. 1.383> Tu quoscumque voles in planum effundere muros,"
,<luc. 1.384> His aries actus disperget saxa lacertis:
,"<luc. 1.385> Illa licet, penitus tolli quam iusseris urbem,"
,"<luc. 1.386> Roma sit. His cunctae simul adsensere cohortes,"
,"<luc. 1.387> Elatasque alte, quaecumque ad bella vocaret,"
,"<luc. 1.388> Promisere manus. It tantus ad aethera clamor,"
,"<luc. 1.389> Quantus, piniferae Boreas cum Thracius Ossae"
,"<luc. 1.390> Rupibus incubuit, curvato robore pressae"
,"<luc. 1.391> Fit sonus, aut rursus redeuntis in aethera silvae."
,"<luc. 1.392> Caesar ut acceptum tam prono milite bellum,"
,"<luc. 1.393> Fataque ferre videt, ne quo languore moretur"
,"<luc. 1.394> Fortunam, sparsas per Gallica rura cohortes"
,"<luc. 1.395> Evocat, et Romam motis petit undique signis."
,"<luc. 1.396> Deseruere cavo tentoria fixa Lemano,"
,"<luc. 1.397> Castraque, quae, Vogesi curvam super ardua rupem,"
,<luc. 1.398> Pugnaces pictis cohibebant Lingonas armis.
,"<luc. 1.399> Hi vada liquerunt Isarae, qui, gurgite ductus"
,"<luc. 1.400> Per tam multa suo, famae maioris in amnem"
,"<luc. 1.401> Lapsus, ad aequoreas nomen non pertulit undas."
,<luc. 1.402> Solvuntur flavi longa statione Rutheni:
,"<luc. 1.403> Mitis Atax Latias gaudet non ferre carinas,"
,"<luc. 1.404> Finis et Hesperiae, promoto limite, Varus:"
,<luc. 1.405> Quaque sub Herculeo sacratus numine portus
,<luc. 1.406> Urget rupe cava pelagus: non Corus in illum
,"<luc. 1.407> Ius habet, aut Zephyrus: solus sua litora turbat"
,"<luc. 1.408> Circius, et tuta prohibet statione Monoeci."
,"<luc. 1.409> Quaque iacet litus dubium, quod terra fretumque"
,"<luc. 1.410> indicat alternis vicibus, cum funditur ingens"
,"<luc. 1.411> Oceanus, vel cum refugis se fluctibus aufert."
,"<luc. 1.412> Ventus ab extremo pelagus sic axe volutet,"
,<luc. 1.413> Destituatque ferens; an sidere mota secundo
,<luc. 1.414> Tethyos unda vagae lunaribus aestuet horis;
,"<luc. 1.415> Flammiger an Titan, ut alentes hauriat undas,"
,"<luc. 1.416> Erigat Oceanum, fluctusque ad sidera ducat,"
,"<luc. 1.417> Quaerite, quos agitat mundi labor: at mihi semper"
,"<luc. 1.418> Tu, quaecumque moves tam crebros causa meatus,"
,"<luc. 1.420> Ut superi voluere, late. Tunc rura Nemetis"
,"<luc. 1.421> Qui tenet, et ripas Aturi, qua litore curvo"
,"<luc. 1.422> Molliter admissum claudit Tarbellicus aequor,"
,"<luc. 1.423> Signa movet, gaudetque amoto Santonus hoste:"
,"<luc. 1.424> Et Biturix, longisque leves Suessones in armis:"
,"<luc. 1.425> Optimus excusso Leucus Rhemusque lacerto,"
,<luc. 1.426> Optima gens flexis in gyrum Sequana frenis:
,<luc. 1.427> Et docilis rector rostrati Belga covini:
,"<luc. 1.428> Arvernique ausi Latios se fingere fratres,"
,<luc. 1.429> Sanguine ab Iliaco populi; nimiumque rebellis
,"<luc. 1.430> Nervius, et caesi pollutus sanguine Cottae;"
,"<luc. 1.430> Et qui te laxis imitantur, Sarmata, braccis,"
,"<luc. 1.431> Vangiones: Batavique truces, quos aere recurvo"
,<luc. 1.432> Stridentes acuere tubae: qua Cinga pererrat
,<luc. 1.433> Gurgite: qua Rhodanus raptum velocibus undis
,<luc. 1.434> In mare fert Ararim: qua montibus ardua summis
,<luc. 1.435> Gens habitat cana pendentes rupe Gebennas:
,<luc. 1.436> [Pictones immunes subigunt sua rura; nec ultra
,<luc. 1.437> Instabiles Turonas circumsita castra coercent.
,"<luc. 1.438> In nebulis, Meduana, tuis marcere perosus"
,"<luc. 1.439> Andus, iam placida Ligeris recreatur ab unda;"
,<luc. 1.440> Inclyta Caesareis Genabos dissolvitur alis.]
,"<luc. 1.441> Tu quoque laetatus converti proelia, Trevir:"
,"<luc. 1.442> Et nunc tonse Ligur, quondam per colla decors"
,<luc. 1.443> Crinibus effusis toti praelate Comatae:
,<luc. 1.444> Et quibus immitis placatur sanguine diro
,"<luc. 1.445> Tentates, horrensque feris altaribus Hesus,"
,<luc. 1.446> Et Taranis Scythicae non mitior ara Dianae.
,"<luc. 1.447> Vos quoque, qui fortes animas, belloque peremtas"
,"<luc. 1.448> Laudibus in longum vates dimittitis aevum,"
,"<luc. 1.449> Plurima securi fudistis carmina, Bardi."
,<luc. 1.450> Et vos barbaricos ritus moremque sinistrum
,"<luc. 1.451> Sacrorum, Druidae, positis repetistis ab armis."
,"<luc. 1.452> Solis nosse deos et coeli numina vobis,"
,<luc. 1.453> Aut solis nescire datum. Nemora alta remotis
,"<luc. 1.454> Incolitis lucis. Vobis auctoribus, umbrae"
,<luc. 1.455> Non tacitas Erebi sedes Ditisque profundi
,<luc. 1.456> Pallida regna petunt: regit idem spiritus artus
,<luc. 1.457> Orbe alio: longae (canitis si cognita) vitae
,"<luc. 1.458> Mors media est. Certe populi, quos despcit Arctos,"
,"<luc. 1.459> Felices errore suo, quos ille timorum"
,"<luc. 1.460> Maximus haud urget, leti metus. Inde ruendi"
,"<luc. 1.461> In ferrum mens prona viris, animaeque capaces"
,"<luc. 1.462> Mortis: et ignavum, rediturae parcere vitae."
,"<luc. 1.463> Et vos, cirrigeros bellis arcere Caycos"
,"<luc. 1.464> Oppositi, petitis Romam, Rhenique feroces"
,"<luc. 1.465> Deseritis ripas, et apertum gentibus orbem."
,"<luc. 1.466> Caesar, ut immensae collecto robore vires"
,"<luc. 1.467> Audendi maiora fidem fecere, per omnem"
,"<luc. 1.468> Spargitur Italiam, vicinaque moenia complet."
,"<luc. 1.469> Vana quoque ad veros accessit fama timores,"
,"<luc. 1.470> Irrupitque animos populi, clademque futuram"
,"<luc. 1.471> Intulit, et velox properantis nuntia belli"
,<luc. 1.472> Innumeras solvit falsa in praeconia linguas.
,"<luc. 1.473> Est, qui, tauriferis ubi se Mevania campis"
,"<luc. 1.474> Explicat, audaces ruere in certamina turmas"
,"<luc. 1.475> Adferat, et, qua Nar Tiberino illabitur amni,"
,<luc. 1.476> Barbaricas saevi discurrere Caesaris alas:
,"<luc. 1.477> Ipsum, omnes aquilas collataque signa ferentem,"
,<luc. 1.478> Agmine non uno densisque incedere castris.
,"<luc. 1.479> Nec, qualem meminere, vident: maiorque ferusque"
,"<luc. 1.480> Mentibus occurrit, victoque immanior hoste."
,"<luc. 1.481> Hunc inter Rhenum populos Alpesque iacentes,"
,"<luc. 1.482> Finibus Arctois patriaque a sede revulsos,"
,"<luc. 1.483> Pone sequi, iussamque feris a gentibus urbem,"
,"<luc. 1.484> Romano spectante, rapi. Sic quisque pavendo"
,"<luc. 1.485> Dat vires famae: nulloque auctore malorum,"
,<luc. 1.486> Quae finxere timent. Nec solum vulgus inani
,<luc. 1.487> Perculsum terrore pavet: sed curia et ipsi
,"<luc. 1.488> Sedibus exsiluere Patres, invisaque belli"
,<luc. 1.489> Consulibus fugiens mandat decreta senatus.
,"<luc. 1.490> Tunc quae tuta petant, et quae metuenda relinquant,"
,"<luc. 1.491> Incerti, quo quemque fugae tulit impetus, urgent"
,<luc. 1.492> Praecipitem populum serieque haerentia longa
,"<luc. 1.493> Agmina prorumpunt. Credas, aut tecta nefandas"
,"<luc. 1.494> Corripuisse faces, aut iam, quatiente ruina,"
,<luc. 1.495> Nutantes pendere domos: sic turba per urbem
,"<luc. 1.496> Praecipiti lymphata gradu, velut unica rebus"
,"<luc. 1.497> Spes foret adflictis, patrios excedere muros,"
,"<luc. 1.498> Inconsulta ruit. Qualis, cum turbidus Auster"
,"<luc. 1.499> Repulit a Libycis immensum Syrtibus aequor,"
,"<luc. 1.500> Fractaque veliferi sonuerunt pondera mali,"
